id,problem,answer
1,https://pubs.rsna.org/doi/10.1148/radiology.207.1.58,https://pubs.rsna.org/doi/10.1148/radiology.208.2.9680556
2,https://pubs.rsna.org/doi/10.1148/radiology.207.2.389,https://pubs.rsna.org/doi/10.1148/radiology.208.3.9722837
3,https://pubs.rsna.org/doi/10.1148/radiology.207.3.813,https://pubs.rsna.org/doi/10.1148/radiology.209.1.9769814
4,https://pubs.rsna.org/doi/10.1148/radiology.208.1.63,https://pubs.rsna.org/doi/10.1148/radiology.209.2.9807583
5,https://pubs.rsna.org/doi/10.1148/radiology.208.2.339,https://pubs.rsna.org/doi/10.1148/radiology.209.3.9844670
6,https://pubs.rsna.org/doi/10.1148/radiology.208.3.619,https://pubs.rsna.org/doi/10.1148/radiology.210.1.r99ja33145
7,https://pubs.rsna.org/doi/10.1148/radiology.209.1.67,https://pubs.rsna.org/doi/10.1148/radiology.210.2.r99fe50419
8,https://pubs.rsna.org/doi/10.1148/radiology.209.2.519,https://pubs.rsna.org/doi/10.1148/radiology.210.3.r99mr37795
9,https://pubs.rsna.org/doi/10.1148/radiology.209.3.755,https://pubs.rsna.org/doi/10.1148/radiology.211.1.r99ap4081
10,https://pubs.rsna.org/doi/10.1148/radiology.210.1.r99ja32143,https://pubs.rsna.org/doi/10.1148/radiology.211.2.r99ma38472
11,https://pubs.rsna.org/doi/10.1148/radiology.210.2.r99fe51417,https://pubs.rsna.org/doi/10.1148/radiology.211.3.r99jn43711
12,https://pubs.rsna.org/doi/10.1148/radiology.210.3.r99mr36792,https://pubs.rsna.org/doi/10.1148/radiology.212.1.r99jl26129
13,https://pubs.rsna.org/doi/10.1148/radiology.211.1.r99ap3179,https://pubs.rsna.org/doi/10.1148/radiology.212.2.r99au38359
14,https://pubs.rsna.org/doi/10.1148/radiology.211.2.r99ma45471,https://pubs.rsna.org/doi/10.1148/radiology.212.3.r99se39708
15,https://pubs.rsna.org/doi/10.1148/radiology.211.3.r99jn44709,https://pubs.rsna.org/doi/10.1148/radiology.213.1.r99oc52102
16,https://pubs.rsna.org/doi/10.1148/radiology.212.1.r99jl24126,https://pubs.rsna.org/doi/10.1148/radiology.213.2.r99nv47364
17,https://pubs.rsna.org/doi/10.1148/radiology.212.2.r99au37357,https://pubs.rsna.org/doi/10.1148/radiology.213.3.r99dc43814
18,https://pubs.rsna.org/doi/10.1148/radiology.212.3.r99se29706,https://pubs.rsna.org/doi/10.1148/radiology.214.1.r00ja38195
19,https://pubs.rsna.org/doi/10.1148/radiology.213.1.r99oc11101,https://pubs.rsna.org/doi/10.1148/radiology.214.2.r00fe39524
20,https://pubs.rsna.org/doi/10.1148/radiology.213.2.r99nv34362,https://pubs.rsna.org/doi/10.1148/radiology.214.3.r00mr53844
21,https://pubs.rsna.org/doi/10.1148/radiology.213.3.r99dc33811,https://pubs.rsna.org/doi/10.1148/radiology.215.1.r00ap52237
22,https://pubs.rsna.org/doi/10.1148/radiology.214.1.r00ja29193,https://pubs.rsna.org/doi/10.1148/radiology.215.2.r00ma32391
23,https://pubs.rsna.org/doi/10.1148/radiology.214.2.r00fe31523,https://pubs.rsna.org/doi/10.1148/radiology.215.3.r00jn41754
24,https://pubs.rsna.org/doi/10.1148/radiology.214.3.r00mr44843,https://pubs.rsna.org/doi/10.1148/radiology.216.1.r00jl35142
25,https://pubs.rsna.org/doi/10.1148/radiology.215.1.r00ap23235,https://pubs.rsna.org/doi/10.1148/radiology.216.2.r00au34379
26,https://pubs.rsna.org/doi/10.1148/radiology.215.2.r00ma31390,https://pubs.rsna.org/doi/10.1148/radiology.216.3.r00se33727
27,https://pubs.rsna.org/doi/10.1148/radiology.215.3.r00jn24752,https://pubs.rsna.org/doi/10.1148/radiology.217.1.r00oc30134
28,https://pubs.rsna.org/doi/10.1148/radiology.216.1.r00jl44140,https://pubs.rsna.org/doi/10.1148/radiology.217.2.r00nv32437
29,https://pubs.rsna.org/doi/10.1148/radiology.216.2.r00au30377,https://pubs.rsna.org/doi/10.1148/radiology.217.3.r00dc25739
30,https://pubs.rsna.org/doi/10.1148/radiology.216.3.r00se39724,https://pubs.rsna.org/doi/10.1148/radiology.218.1.r01ja4691
31,https://pubs.rsna.org/doi/10.1148/radiology.217.1.r00oc10133,https://pubs.rsna.org/doi/10.1148/radiology.218.2.r01fe49523
32,https://pubs.rsna.org/doi/10.1148/radiology.217.2.r00nv09436,https://pubs.rsna.org/doi/10.1148/radiology.218.3.r01mr25773
33,https://pubs.rsna.org/doi/10.1148/radiology.217.3.r00dc38737,https://pubs.rsna.org/doi/10.1148/radiology.219.1.r01ap3082
34,https://pubs.rsna.org/doi/10.1148/radiology.218.1.r01ja2689,https://pubs.rsna.org/doi/10.1148/radiology.219.2.r01ma17442
35,https://pubs.rsna.org/doi/10.1148/radiology.218.2.r01fe48521,https://pubs.rsna.org/doi/10.1148/radiology.219.3.r01jn10781
36,https://pubs.rsna.org/doi/10.1148/radiology.218.3.r01mr01772,https://pubs.rsna.org/doi/10.1148/radiology.220.1.r01jl12191
37,https://pubs.rsna.org/doi/10.1148/radiology.219.1.r01ap0980,https://pubs.rsna.org/doi/10.1148/radiology.220.2.r01au12471
38,https://pubs.rsna.org/doi/10.1148/radiology.219.2.r01ma14440,https://pubs.rsna.org/doi/10.1148/radiol.2203000825
39,https://pubs.rsna.org/doi/10.1148/radiology.219.3.r01jn08778,https://pubs.rsna.org/doi/10.1148/radiol.2211991748
40,https://pubs.rsna.org/doi/10.1148/radiology.220.1.r01jl08190,https://pubs.rsna.org/doi/10.1148/radiol.2212000772
41,https://pubs.rsna.org/doi/10.1148/radiology.220.2.r01au02469,https://pubs.rsna.org/doi/10.1148/radiol.2213000890
42,https://pubs.rsna.org/doi/10.1148/radiol.2203001151,https://pubs.rsna.org/doi/10.1148/radiol.2221001152
43,https://pubs.rsna.org/doi/10.1148/radiol.2211991840,https://pubs.rsna.org/doi/10.1148/radiol.2222991841
44,https://pubs.rsna.org/doi/10.1148/radiol.2212001469,https://pubs.rsna.org/doi/10.1148/radiol.2223001470
45,https://pubs.rsna.org/doi/10.1148/radiol.2213001597,https://pubs.rsna.org/doi/10.1148/radiol.2231001598
46,https://pubs.rsna.org/doi/10.1148/radiol.2221001613,https://pubs.rsna.org/doi/10.1148/radiol.2232001614
47,https://pubs.rsna.org/doi/10.1148/radiol.2222000970,https://pubs.rsna.org/doi/10.1148/radiol.2233000971
48,https://pubs.rsna.org/doi/10.1148/radiol.2223001706,https://pubs.rsna.org/doi/10.1148/radiol.2241001707
49,https://pubs.rsna.org/doi/10.1148/radiol.2231010265,https://pubs.rsna.org/doi/10.1148/radiol.2242010266
50,https://pubs.rsna.org/doi/10.1148/radiol.2232001704,https://pubs.rsna.org/doi/10.1148/radiol.2243001705
51,https://pubs.rsna.org/doi/10.1148/radiol.2233010373,https://pubs.rsna.org/doi/10.1148/radiol.2251010374
52,https://pubs.rsna.org/doi/10.1148/radiol.2241010497,https://pubs.rsna.org/doi/10.1148/radiol.2252010498
53,https://pubs.rsna.org/doi/10.1148/radiol.2242010662,https://pubs.rsna.org/doi/10.1148/radiol.2253010663
54,https://pubs.rsna.org/doi/10.1148/radiol.2243010713,https://pubs.rsna.org/doi/10.1148/radiol.2261010714
55,https://pubs.rsna.org/doi/10.1148/radiol.2251010623,https://pubs.rsna.org/doi/10.1148/radiol.2262010624
56,https://pubs.rsna.org/doi/10.1148/radiol.2252001844,https://pubs.rsna.org/doi/10.1148/radiol.2263001845
57,https://pubs.rsna.org/doi/10.1148/radiol.2253010937,https://pubs.rsna.org/doi/10.1148/radiol.2271010938
58,https://pubs.rsna.org/doi/10.1148/radiol.2261010486,https://pubs.rsna.org/doi/10.1148/radiol.2272010487
59,https://pubs.rsna.org/doi/10.1148/radiol.2262011417,https://pubs.rsna.org/doi/10.1148/radiol.2273011418
60,https://pubs.rsna.org/doi/10.1148/radiol.2263011428,https://pubs.rsna.org/doi/10.1148/radiol.2281011429
61,https://pubs.rsna.org/doi/10.1148/radiol.2271011951,https://pubs.rsna.org/doi/10.1148/radiol.2282011952
62,https://pubs.rsna.org/doi/10.1148/radiol.2272011828,https://pubs.rsna.org/doi/10.1148/radiol.2283011829
63,https://pubs.rsna.org/doi/10.1148/radiol.2273012170,https://pubs.rsna.org/doi/10.1148/radiol.2291012171
64,https://pubs.rsna.org/doi/10.1148/radiol.2281020153,https://pubs.rsna.org/doi/10.1148/radiol.2292020154
65,https://pubs.rsna.org/doi/10.1148/radiol.2282012158,https://pubs.rsna.org/doi/10.1148/radiol.2293012159
66,https://pubs.rsna.org/doi/10.1148/radiol.2283020941,https://pubs.rsna.org/doi/10.1148/radiol.2301020942
67,https://pubs.rsna.org/doi/10.1148/radiol.2291021107,https://pubs.rsna.org/doi/10.1148/radiol.2302021108
68,https://pubs.rsna.org/doi/10.1148/radiol.2292021087,https://pubs.rsna.org/doi/10.1148/radiol.2303021089
69,https://pubs.rsna.org/doi/10.1148/radiol.2293020672,https://pubs.rsna.org/doi/10.1148/radiol.2311020673
70,,https://pubs.rsna.org/doi/10.1148/radiol.2301021059
71,https://pubs.rsna.org/doi/10.1148/radiol.2302000925,https://pubs.rsna.org/doi/10.1148/radiol.2313000926
72,https://pubs.rsna.org/doi/10.1148/radiol.2303011975,https://pubs.rsna.org/doi/10.1148/radiol.2321011976
73,https://pubs.rsna.org/doi/10.1148/radiol.2311011863,https://pubs.rsna.org/doi/10.1148/radiol.2322011864
74,https://pubs.rsna.org/doi/10.1148/radiol.2312021093,https://pubs.rsna.org/doi/10.1148/radiol.2323021092
75,https://pubs.rsna.org/doi/10.1148/radiol.2313021247,https://pubs.rsna.org/doi/10.1148/radiol.2331021249
76,https://pubs.rsna.org/doi/10.1148/radiol.2321030140,https://pubs.rsna.org/doi/10.1148/radiol.2332030152
77,https://pubs.rsna.org/doi/10.1148/radiol.2322021616,https://pubs.rsna.org/doi/10.1148/radiol.2333021670
78,https://pubs.rsna.org/doi/10.1148/radiol.2323021607,https://pubs.rsna.org/doi/10.1148/radiol.2341021806
79,https://pubs.rsna.org/doi/10.1148/radiol.2331030615,https://pubs.rsna.org/doi/10.1148/radiol.2342030645
80,https://pubs.rsna.org/doi/10.1148/radiol.2332030694,https://pubs.rsna.org/doi/10.1148/radiol.2343030695
81,https://pubs.rsna.org/doi/10.1148/radiol.2333031837,https://pubs.rsna.org/doi/10.1148/radiol.2351031848
82,https://pubs.rsna.org/doi/10.1148/radiol.2333030507,https://pubs.rsna.org/doi/10.1148/radiol.2351030604
83,https://pubs.rsna.org/doi/10.1148/radiol.2341030041,https://pubs.rsna.org/doi/10.1148/radiol.2352030088
84,https://pubs.rsna.org/doi/10.1148/radiol.2343031029,https://pubs.rsna.org/doi/10.1148/radiol.2361031038
85,https://pubs.rsna.org/doi/10.1148/radiol.2351031033,https://pubs.rsna.org/doi/10.1148/radiol.2362031034
86,https://pubs.rsna.org/doi/10.1148/radiol.2352030939,https://pubs.rsna.org/doi/10.1148/radiol.2363031026
87,https://pubs.rsna.org/doi/10.1148/radiol.2353031756,https://pubs.rsna.org/doi/10.1148/radiol.2371031757
88,https://pubs.rsna.org/doi/10.1148/radiol.2361031923,https://pubs.rsna.org/doi/10.1148/radiol.2372031961
89,https://pubs.rsna.org/doi/10.1148/radiol.2362031360,https://pubs.rsna.org/doi/10.1148/radiol.2373031389
90,https://pubs.rsna.org/doi/10.1148/radiol.2363031746,https://pubs.rsna.org/doi/10.1148/radiol.2421060025
91,https://pubs.rsna.org/doi/10.1148/radiol.2371031850,https://pubs.rsna.org/doi/10.1148/radiol.2382031851
92,https://pubs.rsna.org/doi/10.1148/radiol.2372032122,https://pubs.rsna.org/doi/10.1148/radiol.2383032126
93,https://pubs.rsna.org/doi/10.1148/radiol.2373040055,https://pubs.rsna.org/doi/10.1148/radiol.2391040056
94,https://pubs.rsna.org/doi/10.1148/radiol.2381031087,https://pubs.rsna.org/doi/10.1148/radiol.2392031187
95,https://pubs.rsna.org/doi/10.1148/radiol.2382032019,https://pubs.rsna.org/doi/10.1148/radiol.2393032020
96,https://pubs.rsna.org/doi/10.1148/radiol.2383032039,https://pubs.rsna.org/doi/10.1148/radiol.2401032099
97,https://pubs.rsna.org/doi/10.1148/radiol.2391031991,https://pubs.rsna.org/doi/10.1148/radiol.2402031992
98,https://pubs.rsna.org/doi/10.1148/radiol.2392040109,https://pubs.rsna.org/doi/10.1148/radiol.2403040110
99,https://pubs.rsna.org/doi/10.1148/radiol.2393040164,https://pubs.rsna.org/doi/10.1148/radiol.2411040165
100,https://pubs.rsna.org/doi/10.1148/radiol.2401040202,https://pubs.rsna.org/doi/10.1148/radiol.2412040203
101,https://pubs.rsna.org/doi/10.1148/radiol.2401040298,https://pubs.rsna.org/doi/10.1148/radiol.2412040339
102,https://pubs.rsna.org/doi/10.1148/radiol.2402031953,https://pubs.rsna.org/doi/10.1148/radiol.2413032060
103,https://pubs.rsna.org/doi/10.1148/radiol.2402031666,https://pubs.rsna.org/doi/10.1148/radiol.2413031669
104,https://pubs.rsna.org/doi/10.1148/radiol.2403040402,https://pubs.rsna.org/doi/10.1148/radiol.2421040423
105,https://pubs.rsna.org/doi/10.1148/radiol.2403032007,https://pubs.rsna.org/doi/10.1148/radiol.2421032008
106,https://pubs.rsna.org/doi/10.1148/radiol.2411040644,https://pubs.rsna.org/doi/10.1148/radiol.2422040656
107,https://pubs.rsna.org/doi/10.1148/radiol.2411040407,https://pubs.rsna.org/doi/10.1148/radiol.2422040431
108,https://pubs.rsna.org/doi/10.1148/radiol.2412040787,https://pubs.rsna.org/doi/10.1148/radiol.2423040788
109,https://pubs.rsna.org/doi/10.1148/radiol.2412040774,https://pubs.rsna.org/doi/10.1148/radiol.2423040775
110,https://pubs.rsna.org/doi/10.1148/radiol.2413040426,https://pubs.rsna.org/doi/10.1148/radiol.2431040427
111,https://pubs.rsna.org/doi/10.1148/radiol.2413040394,https://pubs.rsna.org/doi/10.1148/radiol.2431040397
112,https://pubs.rsna.org/doi/10.1148/radiol.2421040358,https://pubs.rsna.org/doi/10.1148/radiol.2432040385
113,https://pubs.rsna.org/doi/10.1148/radiol.2421040914,https://pubs.rsna.org/doi/10.1148/radiol.2432040915
114,https://pubs.rsna.org/doi/10.1148/radiol.2422041037,https://pubs.rsna.org/doi/10.1148/radiol.2433041068
115,https://pubs.rsna.org/doi/10.1148/radiol.2422040925,https://pubs.rsna.org/doi/10.1148/radiol.2433040944
116,https://pubs.rsna.org/doi/10.1148/radiol.2423040789,https://pubs.rsna.org/doi/10.1148/radiol.2441040790
117,https://pubs.rsna.org/doi/10.1148/radiol.2423041210,https://pubs.rsna.org/doi/10.1148/radiol.2441041211
118,https://pubs.rsna.org/doi/10.1148/radiol.2431041505,https://pubs.rsna.org/doi/10.1148/radiol.2442041504
119,https://pubs.rsna.org/doi/10.1148/radiol.2431041241,https://pubs.rsna.org/doi/10.1148/radiol.2442041242
120,https://pubs.rsna.org/doi/10.1148/radiol.2432041268,https://pubs.rsna.org/doi/10.1148/radiol.2443041285
121,https://pubs.rsna.org/doi/10.1148/radiol.2432041498,https://pubs.rsna.org/doi/10.1148/radiol.2443041507
122,https://pubs.rsna.org/doi/10.1148/radiol.2433031732,https://pubs.rsna.org/doi/10.1148/radiol.2451031776
123,https://pubs.rsna.org/doi/10.1148/radiol.2433040851,https://pubs.rsna.org/doi/10.1148/radiol.2451040867
124,https://pubs.rsna.org/doi/10.1148/radiol.2441040493,https://pubs.rsna.org/doi/10.1148/radiol.2452040495
125,https://pubs.rsna.org/doi/10.1148/radiol.2441041585,https://pubs.rsna.org/doi/10.1148/radiol.2452041596
126,https://pubs.rsna.org/doi/10.1148/radiol.2442040714,https://pubs.rsna.org/doi/10.1148/radiol.2453040715
127,https://pubs.rsna.org/doi/10.1148/radiol.2442040998,https://pubs.rsna.org/doi/10.1148/radiol.2453040999
128,https://pubs.rsna.org/doi/10.1148/radiol.2443041652,https://pubs.rsna.org/doi/10.1148/radiol.2461041824
129,https://pubs.rsna.org/doi/10.1148/radiol.2443040001,https://pubs.rsna.org/doi/10.1148/radiol.2461040002
130,https://pubs.rsna.org/doi/10.1148/radiol.2451042032,https://pubs.rsna.org/doi/10.1148/radiol.2462042033
131,https://pubs.rsna.org/doi/10.1148/radiol.2452042154,https://pubs.rsna.org/doi/10.1148/radiol.2463042155
132,https://pubs.rsna.org/doi/10.1148/radiol.2453042091,https://pubs.rsna.org/doi/10.1148/radiol.2471042092
133,https://pubs.rsna.org/doi/10.1148/radiol.2461050100,https://pubs.rsna.org/doi/10.1148/radiol.2472050101
134,https://pubs.rsna.org/doi/10.1148/radiol.2462050506,https://pubs.rsna.org/doi/10.1148/radiol.2473050507
135,https://pubs.rsna.org/doi/10.1148/radiol.2463050320,https://pubs.rsna.org/doi/10.1148/radiol.2481050321
136,https://pubs.rsna.org/doi/10.1148/radiol.2471031096,https://pubs.rsna.org/doi/10.1148/radiol.2482031139
137,https://pubs.rsna.org/doi/10.1148/radiol.2472050724,https://pubs.rsna.org/doi/10.1148/radiol.2483050725
138,https://pubs.rsna.org/doi/10.1148/radiol.2473020675,https://pubs.rsna.org/doi/10.1148/radiol.2491020676
139,https://pubs.rsna.org/doi/10.1148/radiol.2481040408,https://pubs.rsna.org/doi/10.1148/radiol.2492040409
140,https://pubs.rsna.org/doi/10.1148/radiol.2482050025,https://pubs.rsna.org/doi/10.1148/radiol.2493050041
141,https://pubs.rsna.org/doi/10.1148/radiol.2483051196,https://pubs.rsna.org/doi/10.1148/radiol.2501051201
142,https://pubs.rsna.org/doi/10.1148/radiol.2491051864,https://pubs.rsna.org/doi/10.1148/radiol.2502051865
143,https://pubs.rsna.org/doi/10.1148/radiol.2492071023,https://pubs.rsna.org/doi/10.1148/radiol.2503071024
144,https://pubs.rsna.org/doi/10.1148/radiol.2493071391,https://pubs.rsna.org/doi/10.1148/radiol.2511071390
145,https://pubs.rsna.org/doi/10.1148/radiol.2501071143,https://pubs.rsna.org/doi/10.1148/radiol.2512071142
146,https://pubs.rsna.org/doi/10.1148/radiol.2502071233,https://pubs.rsna.org/doi/10.1148/radiol.2513071235
147,https://pubs.rsna.org/doi/10.1148/radiol.2503080092,https://pubs.rsna.org/doi/10.1148/radiol.2521080095
148,https://pubs.rsna.org/doi/10.1148/radiol.2511080364,https://pubs.rsna.org/doi/10.1148/radiol.2522080365
149,https://pubs.rsna.org/doi/10.1148/radiol.2512080401,https://pubs.rsna.org/doi/10.1148/radiol.2523080402
150,https://pubs.rsna.org/doi/10.1148/radiol.2513072189,https://pubs.rsna.org/doi/10.1148/radiol.2531080011
151,https://pubs.rsna.org/doi/10.1148/radiol.2521080597,https://pubs.rsna.org/doi/10.1148/radiol.2532080598
152,https://pubs.rsna.org/doi/10.1148/radiol.2522081925,https://pubs.rsna.org/doi/10.1148/radiol.2533081926
153,https://pubs.rsna.org/doi/10.1148/radiol.2523082142,https://pubs.rsna.org/doi/10.1148/radiol.2541082143
154,https://pubs.rsna.org/doi/10.1148/radiol.2531081659,https://pubs.rsna.org/doi/10.1148/radiol.2542081660
155,https://pubs.rsna.org/doi/10.1148/radiol.2532082061,https://pubs.rsna.org/doi/10.1148/radiol.09082062
156,https://pubs.rsna.org/doi/10.1148/radiol.2533090089,https://pubs.rsna.org/doi/10.1148/radiol.09090090
157,https://pubs.rsna.org/doi/10.1148/radiol.2541082210,https://pubs.rsna.org/doi/10.1148/radiol.10082211
158,https://pubs.rsna.org/doi/10.1148/radio1.09081541,https://pubs.rsna.org/doi/10.1148/radiol.10081543
159,https://pubs.rsna.org/doi/10.1148/radiol.09091169,https://pubs.rsna.org/doi/10.1148/radiol.10091170
160,https://pubs.rsna.org/doi/10.1148/radiol.09081906,https://pubs.rsna.org/doi/10.1148/radiol.10081907
161,https://pubs.rsna.org/doi/10.1148/radiol.10081035,https://pubs.rsna.org/doi/10.1148/radiol.10081066
162,https://pubs.rsna.org/doi/10.1148/radiol.10090047,https://pubs.rsna.org/doi/10.1148/radiol.10090048
163,https://pubs.rsna.org/doi/10.1148/radiol.10090854,https://pubs.rsna.org/doi/10.1148/radiol.10090856
164,https://pubs.rsna.org/doi/10.1148/radiol.10091018,https://pubs.rsna.org/doi/10.1148/radiol.10091019
165,https://pubs.rsna.org/doi/10.1148/radiol.10090701,https://pubs.rsna.org/doi/10.1148/radiol.10090702
166,https://pubs.rsna.org/doi/10.1148/radiol.10082168,https://pubs.rsna.org/doi/10.1148/radiol.10082169
167,https://pubs.rsna.org/doi/10.1148/radiol.10091146,https://pubs.rsna.org/doi/10.1148/radiol.10091148
168,https://pubs.rsna.org/doi/10.1148/radiol.10092143,https://pubs.rsna.org/doi/10.1148/radiol.10092219
169,https://pubs.rsna.org/doi/10.1148/radiol.10092047,https://pubs.rsna.org/doi/10.1148/radiol.10092048
170,https://pubs.rsna.org/doi/10.1148/radiol.10090785,https://pubs.rsna.org/doi/10.1148/radiol.10090786
171,https://pubs.rsna.org/doi/10.1148/radiol.10092010,https://pubs.rsna.org/doi/10.1148/radiol.11092009
172,https://pubs.rsna.org/doi/10.1148/radiol.10100183,https://pubs.rsna.org/doi/10.1148/radiol.11100185
173,https://pubs.rsna.org/doi/10.1148/radiol.11090528,https://pubs.rsna.org/doi/10.1148/radiol.11090557
174,https://pubs.rsna.org/doi/10.1148/radiol.11100008,https://pubs.rsna.org/doi/10.1148/radiol.11100117
175,https://pubs.rsna.org/doi/10.1148/radiol.11091150,https://pubs.rsna.org/doi/10.1148/radiol.11091151
176,https://pubs.rsna.org/doi/10.1148/radiol.11091984,https://pubs.rsna.org/doi/10.1148/radiol.11092052
177,https://pubs.rsna.org/doi/10.1148/radiol.11102045,https://pubs.rsna.org/doi/10.1148/radiol.11102046
178,https://pubs.rsna.org/doi/10.1148/radiol.11091972,https://pubs.rsna.org/doi/10.1148/radiol.11092104
179,https://pubs.rsna.org/doi/10.1148/radiol.11102325,https://pubs.rsna.org/doi/10.1148/radiol.11102324
180,,https://pubs.rsna.org/doi/10.1148/radiol.12092468
181,https://pubs.rsna.org/doi/10.1148/radiol.11101410,https://pubs.rsna.org/doi/10.1148/radiol.12101436
182,https://pubs.rsna.org/doi/10.1148/radiol.11103539,https://pubs.rsna.org/doi/10.1148/radiol.12103540
183,https://pubs.rsna.org/doi/10.1148/radiol.11110586,https://pubs.rsna.org/doi/10.1148/radiol.12110585
184,https://pubs.rsna.org/doi/10.1148/radiol.12110411,https://pubs.rsna.org/doi/10.1148/radiol.12110413
185,https://pubs.rsna.org/doi/10.1148/radiol.12102424,https://pubs.rsna.org/doi/10.1148/radiol.12102425
186,https://pubs.rsna.org/doi/10.1148/radiol.12092475,https://pubs.rsna.org/doi/10.1148/radiol.12100118
187,https://pubs.rsna.org/doi/10.1148/radiol.12102044,https://pubs.rsna.org/doi/10.1148/radiol.12102051
188,https://pubs.rsna.org/doi/10.1148/radiol.12111236,https://pubs.rsna.org/doi/10.1148/radiol.12111246
189,https://pubs.rsna.org/doi/10.1148/radiol.12111842,https://pubs.rsna.org/doi/10.1148/radiol.12111841
190,https://pubs.rsna.org/doi/10.1148/radiol.12110393,https://pubs.rsna.org/doi/10.1148/radiol.12110495
191,https://pubs.rsna.org/doi/10.1148/radiol.12103507,https://pubs.rsna.org/doi/10.1148/radiol.12110071
192,https://pubs.rsna.org/doi/10.1148/radiol.12111735,https://pubs.rsna.org/doi/10.1148/radiol.13111801
193,https://pubs.rsna.org/doi/10.1148/radiol.12111135,https://pubs.rsna.org/doi/10.1148/radiol.13111136
194,https://pubs.rsna.org/doi/10.1148/radiol.12120307,https://pubs.rsna.org/doi/10.1148/radiol.13120309
195,https://pubs.rsna.org/doi/10.1148/radiol.12120434,https://pubs.rsna.org/doi/10.1148/radiol.13120510
196,https://pubs.rsna.org/doi/10.1148/radiol.13134042,https://pubs.rsna.org/doi/10.1148/radiol.13121380
197,https://pubs.rsna.org/doi/10.1148/radiol.13120842,https://pubs.rsna.org/doi/10.1148/radiol.13120843
198,https://pubs.rsna.org/doi/10.1148/radiol.13121178,https://pubs.rsna.org/doi/10.1148/radiol.13121315
199,https://pubs.rsna.org/doi/10.1148/radiol.13121096,https://pubs.rsna.org/doi/10.1148/radiol.13121187
200,https://pubs.rsna.org/doi/10.1148/radiol.13120809,https://pubs.rsna.org/doi/10.1148/radiol.13120927
201,https://pubs.rsna.org/doi/10.1148/radiol.13120918,https://pubs.rsna.org/doi/10.1148/radiol.13120919
202,https://pubs.rsna.org/doi/10.1148/radiol.13110153,https://pubs.rsna.org/doi/10.1148/radiol.13110419
203,https://pubs.rsna.org/doi/10.1148/radiol.13112687,https://pubs.rsna.org/doi/10.1148/radiol.13112688
204,https://pubs.rsna.org/doi/10.1148/radiol.13120839,https://pubs.rsna.org/doi/10.1148/radiol.14120840
205,https://pubs.rsna.org/doi/10.1148/radiol.13120635,https://pubs.rsna.org/doi/10.1148/radiol.14120636
206,https://pubs.rsna.org/doi/10.1148/radiol.13110857,https://pubs.rsna.org/doi/10.1148/radiol.14110856
207,https://pubs.rsna.org/doi/10.1148/radiol.13112741,https://pubs.rsna.org/doi/10.1148/radiol.14120419
208,https://pubs.rsna.org/doi/10.1148/radiol.14121644,https://pubs.rsna.org/doi/10.1148/radiol.14121842
209,https://pubs.rsna.org/doi/10.1148/radiol.14112330,https://pubs.rsna.org/doi/10.1148/radiol.14112328
210,https://pubs.rsna.org/doi/10.1148/radiol.14121806,https://pubs.rsna.org/doi/10.1148/radiol.14121326
211,https://pubs.rsna.org/doi/10.1148/radiol.14130948,https://pubs.rsna.org/doi/10.1148/radiol.14130949
212,https://pubs.rsna.org/doi/10.1148/radiol.14131354,https://pubs.rsna.org/doi/10.1148/radiol.14131355
213,https://pubs.rsna.org/doi/10.1148/radiol.14110885,https://pubs.rsna.org/doi/10.1148/radiol.14110919
214,https://pubs.rsna.org/doi/10.1148/radiol.14132277,https://pubs.rsna.org/doi/10.1148/radiol.14132405
215,https://pubs.rsna.org/doi/10.1148/radiol.12122693,https://pubs.rsna.org/doi/10.1148/radiol.14122800
216,https://pubs.rsna.org/doi/10.1148/radiol.14122158,https://pubs.rsna.org/doi/10.1148/radiol.15122159
217,https://pubs.rsna.org/doi/10.1148/radiol.14131965,https://pubs.rsna.org/doi/10.1148/radiol.15132130
218,https://pubs.rsna.org/doi/10.1148/radiol.14122723,https://pubs.rsna.org/doi/10.1148/radiol.2015122724
219,https://pubs.rsna.org/doi/10.1148/radiol.14131223,https://pubs.rsna.org/doi/10.1148/radiol.2015131224
220,https://pubs.rsna.org/doi/10.1148/radiol.15131128,https://pubs.rsna.org/doi/10.1148/radiol.2015131288
221,https://pubs.rsna.org/doi/10.1148/radiol.2015132797,https://pubs.rsna.org/doi/10.1148/radiol.2015132798
222,https://pubs.rsna.org/doi/10.1148/radiol.2015131417,https://pubs.rsna.org/doi/10.1148/radiol.2015131662
223,https://pubs.rsna.org/doi/10.1148/radiol.2015140144,https://pubs.rsna.org/doi/10.1148/radiol.2015140145
224,https://pubs.rsna.org/doi/10.1148/radiol.2015131672,https://pubs.rsna.org/doi/10.1148/radiol.2015131751
225,https://pubs.rsna.org/doi/10.1148/radiol.2015130252,https://pubs.rsna.org/doi/10.1148/radiol.2015130251
226,https://pubs.rsna.org/doi/10.1148/radiol.2014140822,https://pubs.rsna.org/doi/10.1148/radiol.2015140889
227,https://pubs.rsna.org/doi/10.1148/radiol.2015141474,https://pubs.rsna.org/doi/10.1148/radiol.2016141475
228,https://pubs.rsna.org/doi/10.1148/radiol.2015132279,https://pubs.rsna.org/doi/10.1148/radiol.2016132280
229,https://pubs.rsna.org/doi/10.1148/radiol.2015140300,https://pubs.rsna.org/doi/10.1148/radiol.2016140303
230,https://pubs.rsna.org/doi/10.1148/radiol.2015141804,https://pubs.rsna.org/doi/10.1148/radiol.16141805
231,https://pubs.rsna.org/doi/10.1148/radiol.2016140458,https://pubs.rsna.org/doi/10.1148/radiol.2016140459
232,https://pubs.rsna.org/doi/10.1148/radiol.2016142867,https://pubs.rsna.org/doi/10.1148/radiol.2016142978
233,https://pubs.rsna.org/doi/10.1148/radiol.2016142651,https://pubs.rsna.org/doi/10.1148/radiol.2016142652
234,https://pubs.rsna.org/doi/10.1148/radiol.2016132793,https://pubs.rsna.org/doi/10.1148/radiol.2016132898
235,https://pubs.rsna.org/doi/10.1148/radiol.2016150247,https://pubs.rsna.org/doi/10.1148/radiol.2016150420
236,https://pubs.rsna.org/doi/10.1148/radiol.2016150502,https://pubs.rsna.org/doi/10.1148/radiol.2016150503
237,https://pubs.rsna.org/doi/10.1148/radiol.2016140816,https://pubs.rsna.org/doi/10.1148/radiol.2016140817
238,https://pubs.rsna.org/doi/10.1148/radiol.2016150223,https://pubs.rsna.org/doi/10.1148/radiol.2016150224
239,https://pubs.rsna.org/doi/10.1148/radiol.2016150706,https://pubs.rsna.org/doi/10.1148/radiol.2016150707
240,https://pubs.rsna.org/doi/10.1148/radiol.2016150884,https://pubs.rsna.org/doi/10.1148/radiol.2017150885
241,https://pubs.rsna.org/doi/10.1148/radiol.2016151718,https://pubs.rsna.org/doi/10.1148/radiol.2017151717
242,https://pubs.rsna.org/doi/10.1148/radiol.2016150455,https://pubs.rsna.org/doi/10.1148/radiol.2017150456
243,https://pubs.rsna.org/doi/10.1148/radiol.2016150148,https://pubs.rsna.org/doi/10.1148/radiol.2017142993
244,https://pubs.rsna.org/doi/10.1148/radiol.2017151157,https://pubs.rsna.org/doi/10.1148/radiol.2017151156
245,https://pubs.rsna.org/doi/10.1148/radiol.2017141150,https://pubs.rsna.org/doi/10.1148/radiol.2017141151
246,https://pubs.rsna.org/doi/10.1148/radiol.2017132068,https://pubs.rsna.org/doi/10.1148/radiol.2017132069
247,https://pubs.rsna.org/doi/10.1148/radiol.2017152588,https://pubs.rsna.org/doi/10.1148/radiol.2017152673
248,https://pubs.rsna.org/doi/10.1148/radiol.2017150346,https://pubs.rsna.org/doi/10.1148/radiol.2017150839
249,https://pubs.rsna.org/doi/10.1148/radiol.2017152806,https://pubs.rsna.org/doi/10.1148/radiol.2017152807
250,https://pubs.rsna.org/doi/10.1148/radiol.2017151645,https://pubs.rsna.org/doi/10.1148/radiol.2017151748
251,https://pubs.rsna.org/doi/10.1148/radiol.2017152593,https://pubs.rsna.org/doi/10.1148/radiol.2018152594
252,https://pubs.rsna.org/doi/10.1148/radiol.2017161833,https://pubs.rsna.org/doi/10.1148/radiol.2018161834
253,https://pubs.rsna.org/doi/10.1148/radiol.2017152908,https://pubs.rsna.org/doi/10.1148/radiol.2018160106
254,https://pubs.rsna.org/doi/10.1148/radiol.2017160232,https://pubs.rsna.org/doi/10.1148/radiol.2018160233
255,https://pubs.rsna.org/doi/10.1148/radiol.2018160563,https://pubs.rsna.org/doi/10.1148/radiol.2018160344
256,https://pubs.rsna.org/doi/10.1148/radiol.2018160439,https://pubs.rsna.org/doi/10.1148/radiol.2018160440
257,https://pubs.rsna.org/doi/10.1148/radiol.2018160819,https://pubs.rsna.org/doi/10.1148/radiol.2018160821
258,https://pubs.rsna.org/doi/10.1148/radiol.2018161176,https://pubs.rsna.org/doi/10.1148/radiol.2018161272
259,https://pubs.rsna.org/doi/10.1148/radiol.2018161474,https://pubs.rsna.org/doi/10.1148/radiol.2018161475
260,https://pubs.rsna.org/doi/10.1148/radiol.2018161559,https://pubs.rsna.org/doi/10.1148/radiol.2018161689
261,https://pubs.rsna.org/doi/10.1148/radiol.2018161760,https://pubs.rsna.org/doi/10.1148/radiol.2018161761
262,https://pubs.rsna.org/doi/10.1148/radiol.2018161773,https://pubs.rsna.org/doi/10.1148/radiol.2019161902
263,https://pubs.rsna.org/doi/10.1148/radiol.2018162112,https://pubs.rsna.org/doi/10.1148/radiol.2019162113
264,https://pubs.rsna.org/doi/10.1148/radiol.2018162093,https://pubs.rsna.org/doi/10.1148/radiol.2019162264
265,https://pubs.rsna.org/doi/10.1148/radiol.2018162374,https://pubs.rsna.org/doi/10.1148/radiol.2019162375
266,https://pubs.rsna.org/doi/10.1148/radiol.2019162303,https://pubs.rsna.org/doi/10.1148/radiol.2018162304
267,https://pubs.rsna.org/doi/10.1148/radiol.2019162780,https://pubs.rsna.org/doi/10.1148/radiol.2019162781
268,https://pubs.rsna.org/doi/10.1148/radiol.2019170367,https://pubs.rsna.org/doi/10.1148/radiol.2019170489
269,https://pubs.rsna.org/doi/10.1148/radiol.2019170905,https://pubs.rsna.org/doi/10.1148/radiol.2019170907
270,https://pubs.rsna.org/doi/10.1148/radiol.2019170821,https://pubs.rsna.org/doi/10.1148/radiol.2019170822
271,https://pubs.rsna.org/doi/10.1148/radiol.2019170925,https://pubs.rsna.org/doi/10.1148/radiol.2019171079
272,https://pubs.rsna.org/doi/10.1148/radiol.2019171254,https://pubs.rsna.org/doi/10.1148/radiol.2019171255
273,https://pubs.rsna.org/doi/10.1148/radiol.2017171374,https://pubs.rsna.org/doi/10.1148/radiol.2019171373
274,https://pubs.rsna.org/doi/10.1148/radiol.2019171769,https://pubs.rsna.org/doi/10.1148/radiol.2019171881
275,https://pubs.rsna.org/doi/10.1148/radiol.2019180133,https://pubs.rsna.org/doi/10.1148/radiol.2019180104
276,https://pubs.rsna.org/doi/10.1148/radiol.2019180472,https://pubs.rsna.org/doi/10.1148/radiol.2020180473
277,https://pubs.rsna.org/doi/10.1148/radiol.2019180650,https://pubs.rsna.org/doi/10.1148/radiol.2020180651
278,https://pubs.rsna.org/doi/10.1148/radiol.2019181239,https://pubs.rsna.org/doi/10.1148/radiol.2020181238
279,https://pubs.rsna.org/doi/10.1148/radiol.2019181548,https://pubs.rsna.org/doi/10.1148/radiol.2020181547
280,https://pubs.rsna.org/doi/10.1148/radiol.2020182236,https://pubs.rsna.org/doi/10.1148/radiol.2020182237
281,https://pubs.rsna.org/doi/10.1148/radiol.2020182474,https://pubs.rsna.org/doi/10.1148/radiol.2020182477
282,https://pubs.rsna.org/doi/10.1148/radiol.2020190435,https://pubs.rsna.org/doi/10.1148/radiol.2020190436
283,https://pubs.rsna.org/doi/10.1148/radiol.2020190500,https://pubs.rsna.org/doi/10.1148/radiol.2020190501
284,https://pubs.rsna.org/doi/10.1148/radiol.2020190728,https://pubs.rsna.org/doi/10.1148/radiol.2020190726
285,https://pubs.rsna.org/doi/10.1148/radiol.2020191331,https://pubs.rsna.org/doi/10.1148/radiol.2020191329
286,https://pubs.rsna.org/doi/10.1148/radiol.2020191246,https://pubs.rsna.org/doi/10.1148/radiol.2021191247
287,https://pubs.rsna.org/doi/10.1148/radiol.2020192177,https://pubs.rsna.org/doi/10.1148/radiol.2020192178
288,https://pubs.rsna.org/doi/10.1148/radiol.2020192473,https://pubs.rsna.org/doi/10.1148/radiol.2021192475
289,https://pubs.rsna.org/doi/10.1148/radiol.2020192802,https://pubs.rsna.org/doi/10.1148/radiol.2021192803
290,https://pubs.rsna.org/doi/10.1148/radiol.2021192862,https://pubs.rsna.org/doi/10.1148/radiol.2021192863
291,https://pubs.rsna.org/doi/10.1148/radiol.2021200027,https://pubs.rsna.org/doi/10.1148/radiol.2021200026
292,https://pubs.rsna.org/doi/10.1148/radiol.2021201712,https://pubs.rsna.org/doi/10.1148/radiol.2021201715
293,https://pubs.rsna.org/doi/10.1148/radiol.2021203048,https://pubs.rsna.org/doi/10.1148/radiol.2021203053
294,https://pubs.rsna.org/doi/10.1148/radiol.2021203170,https://pubs.rsna.org/doi/10.1148/radiol.2021203174
295,https://pubs.rsna.org/doi/10.1148/radiol.2021202311,https://pubs.rsna.org/doi/10.1148/radiol.2021202310
296,https://pubs.rsna.org/doi/10.1148/radiol.2021201790,https://pubs.rsna.org/doi/10.1148/radiol.2021201802
297,https://pubs.rsna.org/doi/10.1148/radiol.2021202948,https://pubs.rsna.org/doi/10.1148/radiol.202949
298,https://pubs.rsna.org/doi/10.1148/radiol.2021203740,https://pubs.rsna.org/doi/10.1148/radiol.203739
299,https://pubs.rsna.org/doi/10.1148/radiol.2021203442,https://pubs.rsna.org/doi/10.1148/radiol.203443
300,https://pubs.rsna.org/doi/10.1148/radiol.2021203779,https://pubs.rsna.org/doi/10.1148/radiol.203780
301,https://pubs.rsna.org/doi/10.1148/radiol.204313,https://pubs.rsna.org/doi/10.1148/radiol.204314
302,https://pubs.rsna.org/doi/10.1148/radiol.204422,https://pubs.rsna.org/doi/10.1148/radiol.204423
303,https://pubs.rsna.org/doi/10.1148/radiol.203755,https://pubs.rsna.org/doi/10.1148/radiol.203756
304,https://pubs.rsna.org/doi/10.1148/radiol.204598,https://pubs.rsna.org/doi/10.1148/radiol.204599
305,https://pubs.rsna.org/doi/10.1148/radiol.210452,https://pubs.rsna.org/doi/10.1148/radiol.210453
306,https://pubs.rsna.org/doi/10.1148/radiol.210538,https://pubs.rsna.org/doi/10.1148/radiol.210539
307,https://pubs.rsna.org/doi/10.1148/radiol.210250,https://pubs.rsna.org/doi/10.1148/radiol.210251
308,https://pubs.rsna.org/doi/10.1148/radiol.211118,https://pubs.rsna.org/doi/10.1148/radiol.211119
309,https://pubs.rsna.org/doi/10.1148/radiol.211953,https://pubs.rsna.org/doi/10.1148/radiol.211954
310,https://pubs.rsna.org/doi/10.1148/radiol.212606,https://pubs.rsna.org/doi/10.1148/radiol.212607
311,https://pubs.rsna.org/doi/10.1148/radiol.213228,https://pubs.rsna.org/doi/10.1148/radiol.213229
312,https://pubs.rsna.org/doi/10.1148/radiol.213042,https://pubs.rsna.org/doi/10.1148/radiol.213044
313,https://pubs.rsna.org/doi/10.1148/radiol.221927,https://pubs.rsna.org/doi/10.1148/radiol.221929
314,https://pubs.rsna.org/doi/10.1148/radiol.220111,
315,https://pubs.rsna.org/doi/10.1148/radiol.220880,https://pubs.rsna.org/doi/10.1148/radiol.220881
316,https://pubs.rsna.org/doi/10.1148/radiol.220629,
317,https://pubs.rsna.org/doi/10.1148/radiol.220788,
318,,
319,https://pubs.rsna.org/doi/10.1148/radiol.222048,
